{
    "Clusters": [
        {
            "Name": "joint1",
            "BindPoseInverse": {
                "Elements": {
                    "value0": {
                        "value0": 2.832769343193999e-16,
                        "value1": 1.0,
                        "value2": 0.0,
                        "value3": 0.0
                    },
                    "value1": {
                        "value0": -1.0,
                        "value1": 2.832769343193999e-16,
                        "value2": 0.0,
                        "value3": 0.0
                    },
                    "value2": {
                        "value0": 0.0,
                        "value1": 0.0,
                        "value2": 1.0,
                        "value3": 0.0
                    },
                    "value3": {
                        "value0": 9.0,
                        "value1": -2.5494925147537177e-15,
                        "value2": 0.0,
                        "value3": 1.0
                    }
                }
            }
        },
        {
            "Name": "joint2",
            "BindPoseInverse": {
                "Elements": {
                    "value0": {
                        "value0": 2.832769343193999e-16,
                        "value1": 1.0,
                        "value2": 0.0,
                        "value3": 0.0
                    },
                    "value1": {
                        "value0": -1.0,
                        "value1": 2.832769343193999e-16,
                        "value2": 0.0,
                        "value3": 0.0
                    },
                    "value2": {
                        "value0": 0.0,
                        "value1": 0.0,
                        "value2": 1.0,
                        "value3": 0.0
                    },
                    "value3": {
                        "value0": 5.0,
                        "value1": -1.4163846715969995e-15,
                        "value2": 0.0,
                        "value3": 1.0
                    }
                }
            }
        },
        {
            "Name": "joint3",
            "BindPoseInverse": {
                "Elements": {
                    "value0": {
                        "value0": 1.0,
                        "value1": 0.0,
                        "value2": 0.0,
                        "value3": 0.0
                    },
                    "value1": {
                        "value0": 0.0,
                        "value1": 1.0,
                        "value2": 0.0,
                        "value3": 0.0
                    },
                    "value2": {
                        "value0": 0.0,
                        "value1": 0.0,
                        "value2": 1.0,
                        "value3": 0.0
                    },
                    "value3": {
                        "value0": 0.0,
                        "value1": 0.0,
                        "value2": 0.0,
                        "value3": 1.0
                    }
                }
            }
        }
    ],
    "MotionNumber": 1,
    "MotionName": "Take 001"