{
    "RenderPriority": 0,
    "RenderStateType": 3,
    "DrawType": 4,
    "VertexNumber": 24,
    "IndexNumber": 66,
    "PolygonNumber": 22,
    "SkinVerteces": [
        {
            "Vertex": {
                "Position": {
                    "X": -2.41129994392395,
                    "Y": 135.40550231933595,
                    "Z": 6.751299858093262
                },
                "Normal": {
                    "X": -0.2539909780025482,
                    "Y": -0.221953883767128,
                    "Z": 0.9413953423500061
                },
                "Color": {
                    "R": 1.0,
                    "G": 1.0,
                    "B": 1.0,
                    "A": 1.0
                },
                "UV": {
                    "X": 0.8296800255775452,
                    "Y": 0.3838900327682495
                }
            },
            "BoneReferences": []
        },
        {
            "Vertex": {
                "Position": {
                    "X": -2.894399881362915,
                    "Y": 133.5001983642578,
                    "Z": 6.151500225067139
                },
                "Normal": {
                    "X": -0.2910324037075043,
                    "Y": -0.22165675461292268,
                    "Z": 0.9306817650794983
                },
                "Color": {
                    "R": 1.0,
                    "G": 1.0,
                    "B": 1.0,
                    "A": 1.0
                },
                "UV": {
                    "X": 0.7442299723625183,
                    "Y": 0.7208700180053711
                }
            },
            "BoneReferences": []
        },
        {
            "Vertex": {
                "Position": {
                    "X": -2.512399911880493,
                    "Y": 133.8466033935547,
                    "Z": 6.363900184631348
                },
                "Normal": {
                    "X": -0.1744300276041031,
                    "Y": -0.23893819749355317,
                    "Z": 0.9552397131919861
                },
                "Color": {
                    "R": 1.0,
                    "G": 1.0,
                    "B": 1.0,
                    "A": 1.0
                },
                "UV": {
                    "X": 0.8117899894714356,
                    "Y": 0.659600019454956
                }
            },
            "BoneReferences": []
        },
        {
            "Vertex": {
                "Position": {
                    "X": -2.812000036239624,
                    "Y": 135.87750244140626,
                    "Z": 6.756499767303467
                },
                "Normal": {
                    "X": -0.23826800286769868,
                    "Y": -0.23541808128356934,
                    "Z": 0.9422350525856018
                },
                "Color": {
                    "R": 1.0,
                    "G": 1.0,
                    "B": 1.0,
                    "A": 1.0
                },
                "UV": {
                    "X": 0.7588099837303162,
                    "Y": 0.3004000186920166
                }
            },
            "BoneReferences": []
        },
        {
            "Vertex": {
                "Position": {
                    "X": -3.242799997329712,
                    "Y": 133.32110595703126,
                    "Z": 5.999199867248535
                },
                "Normal": {
                    "X": -0.22690236568450929,
                    "Y": -0.2412794828414917,
                    "Z": 0.9435569643974304
                },
                "Color": {
                    "R": 1.0,
                    "G": 1.0,
                    "B": 1.0,
                    "A": 1.0
                },
                "UV": {
                    "X": 0.6826099753379822,
                    "Y": 0.7525399923324585
                }
            },
            "BoneReferences": []
        },
        {
            "Vertex": {
                "Position": {
                    "X": -4.454800128936768,
                    "Y": 136.70159912109376,
                    "Z": 6.595600128173828
                },
                "Normal": {
                    "X": -0.26293426752090456,
                    "Y": -0.24559509754180909,
                    "Z": 0.9330320358276367
                },
                "Color": {
                    "R": 1.0,
                    "G": 1.0,
                    "B": 1.0,
                    "A": 1.0
                },
                "UV": {
                    "X": 0.46825000643730166,
                    "Y": 0.15464997291564942
                }
            },
            "BoneReferences": []
        },
        {
            "Vertex": {
                "Position": {
                    "X": -4.998600006103516,
                    "Y": 136.73570251464845,
                    "Z": 6.449999809265137
                },
                "Normal": {
                    "X": -0.30134811997413638,
                    "Y": -0.24991273880004884,
                    "Z": 0.9201809763908386
                },
                "Color": {
                    "R": 1.0,
                    "G": 1.0,
                    "B": 1.0,
                    "A": 1.0
                },
                "UV": {
                    "X": 0.3720700144767761,
                    "Y": 0.14862000942230225
                }
            },
            "BoneReferences": []
        },
        {
            "Vertex": {
                "Position": {
                    "X": -4.883299827575684,
                    "Y": 133.22689819335938,
                    "Z": 5.534800052642822
                },
                "Normal": {
                    "X": -0.3246038556098938,
                    "Y": -0.2475658357143402,
                    "Z": 0.9128764867782593
                },
                "Color": {
                    "R": 1.0,
                    "G": 1.0,
                    "B": 1.0,
                    "A": 1.0
                },
                "UV": {
                    "X": 0.3924599885940552,
                    "Y": 0.7692099809646606
                }
            },
            "BoneReferences": []
        },
        {
            "Vertex": {
                "Position": {
                    "X": -4.372600078582764,
                    "Y": 133.21609497070313,
                    "Z": 5.7133002281188969
                },
                "Normal": {
                    "X": -0.26303917169570925,
                    "Y": -0.23877054452896119,
                    "Z": 0.934772253036499
                },
                "Color": {
                    "R": 1.0,
                    "G": 1.0,
                    "B": 1.0,
                    "A": 1.0
                },
                "UV": {
                    "X": 0.4827899932861328,
                    "Y": 0.771120011806488
                }
            },
            "BoneReferences": []
        },
        {
            "Vertex": {
                "Position": {
                    "X": -3.889699935913086,
                    "Y": 133.21620178222657,
                    "Z": 5.850200176239014
                },
                "Normal": {
                    "X": -0.22045324742794038,
                    "Y": -0.23423857986927033,
                    "Z": 0.9468541741371155
                },
                "Color": {
                    "R": 1.0,
                    "G": 1.0,
                    "B": 1.0,
                    "A": 1.0
                },
                "UV": {
                    "X": 0.5681999921798706,
                    "Y": 0.7710999846458435
                }
            },
            "BoneReferences": []
        },
        {
            "Vertex": {
                "Position": {
                    "X": -3.8757998943328859,
                    "Y": 136.543701171875,
                    "Z": 6.67549991607666
                },