{
    "DrawType": 4,
    "VertexNumber": 30,
    "IndexNumber": 54,
    "PolygonNumber": 18,
    "Verteces": [
        {
            "Position": {
                "X": -5.607381820678711,
                "Y": 11.974493980407715,
                "Z": 8.643284797668457
            },
            "Normal": {
                "X": 0.7222505807876587,
                "Y": 0.6916314959526062,
                "Z": 1.8117240648381434e-16
            },
            "Color": {
                "R": 1.0,
                "G": 1.0,
                "B": 1.0,
                "A": 1.0
            },
            "UV": {
                "X": 5.344137668609619,
                "Y": 13.630088806152344
            }
        },
        {
            "Position": {
                "X": -4.7412333488464359,
                "Y": 11.069999694824219,
                "Z": 3.191307783126831
            },
            "Normal": {
                "X": 0.7222505807876587,
                "Y": 0.6916314959526062,
                "Z": 1.8117240648381434e-16
            },
            "Color": {
                "R": 1.0,
                "G": 1.0,
                "B": 1.0,
                "A": 1.0
            },
            "UV": {
                "X": 6.43453311920166,
                "Y": 13.88055419921875
            }
        },
        {
            "Position": {
                "X": -5.607381820678711,
                "Y": 11.974493980407715,
                "Z": -4.176714897155762
            },
            "Normal": {
                "X": 0.7222505807876587,
                "Y": 0.6916314959526062,
                "Z": 1.8117240648381434e-16
            },
            "Color": {
                "R": 1.0,
                "G": 1.0,
                "B": 1.0,
                "A": 1.0
            },
            "UV": {
                "X": 7.908137798309326,
                "Y": 13.630088806152344
            }
        },
        {
            "Position": {
                "X": -1.6152230501174927,
                "Y": 7.805598735809326,
                "Z": 5.797523021697998
            },
            "Normal": {
                "X": 0.7222505807876587,
                "Y": 0.6916314959526062,
                "Z": 1.8117240648381434e-16
            },
            "Color": {
                "R": 1.0,
                "G": 1.0,
                "B": 1.0,
                "A": 1.0
            },
            "UV": {
                "X": 5.913290023803711,
                "Y": 14.784506797790528
            }
        },
        {
            "Position": {
                "X": -1.6152230501174927,
                "Y": 7.805598735809326,
                "Z": 8.643284797668457
            },
            "Normal": {
                "X": 0.7222505807876587,
                "Y": 0.6916314959526062,
                "Z": 1.8117240648381434e-16
            },
            "Color": {
                "R": 1.0,
                "G": 1.0,
                "B": 1.0,
                "A": 1.0
            },
            "UV": {
                "X": 5.344137668609619,
                "Y": 14.784506797790528
            }
        },
        {
            "Position": {
                "X": -4.7412333488464359,
                "Y": 11.069999694824219,
                "Z": 3.191307783126831
            },
            "Normal": {
                "X": -1.4950070638545318e-16,
                "Y": 0.623920202255249,
                "Z": -0.7814880609512329
            },
            "Color": {
                "R": 1.0,
                "G": 1.0,
                "B": 1.0,
                "A": 1.0
            },
            "UV": {
                "X": -20.93545150756836,
                "Y": 3.2844207286834719
            }
        },
        {
            "Position": {
                "X": 3.8312385082244875,
                "Y": 7.805598735809326,
                "Z": 0.5850924253463745
            },
            "Normal": {
                "X": -1.4950070638545318e-16,
                "Y": 0.623920202255249,
                "Z": -0.7814880609512329
            },
            "Color": {
                "R": 1.0,
                "G": 1.0,
                "B": 1.0,
                "A": 1.0
            },
            "UV": {
                "X": -22.649944305419923,
                "Y": 4.1198530197143559
            }
        },
        {
            "Position": {
                "X": -1.6152230501174927,
                "Y": 7.805598735809326,
                "Z": 0.5850924253463745
            },
            "Normal": {
                "X": -1.4950070638545318e-16,
                "Y": 0.623920202255249,
                "Z": -0.7814880609512329
            },
            "Color": {
                "R": 1.0,
                "G": 1.0,
                "B": 1.0,
                "A": 1.0
            },
            "UV": {
                "X": -21.560653686523439,
                "Y": 4.1198530197143559
            }
        },
        {
            "Position": {
                "X": 6.957248687744141,
                "Y": 11.069999694824219,
                "Z": 3.191307783126831
            },
            "Normal": {
                "X": -1.4950070638545318e-16,
                "Y": 0.623920202255249,
                "Z": -0.7814880609512329
            },
            "Color": {
                "R": 1.0,
                "G": 1.0,
                "B": 1.0,
                "A": 1.0
            },
            "UV": {
                "X": -23.275146484375,
                "Y": 3.2844207286834719
            }
        },
        {
            "Position": {
                "X": -4.7412333488464359,
                "Y": 11.069999694824219,
                "Z": 3.191307783126831
            },
            "Normal": {
                "X": -4.704875210468349e-16,
                "Y": 0.623920202255249,
                "Z": 0.7814880609512329
            },
            "Color": {
                "R": 1.0,
                "G": 1.0,
                "B": 1.0,
                "A": 1.0
            },
            "UV": {
                "X": 20.93545150756836,
                "Y": -4.744849681854248
            }
        },
        {
            "Position": {
                "X": 3.8312385082244875,
                "Y": 7.805598735809326,
                "Z": 5.797523021697998
            },
            "Normal": {
                "X": -4.704875210468349e-16,
                "Y": 0.623920202255249,
                "Z": 0.7814880609512329
            },
            "Color": {
                "R": 1.0,
                "G": 1.0,
                "B": 1.0,
                "A": 1.0
            },
            "UV": {
                "X": 22.649944305419923,
                "Y": -3.9094176292419435
            }
        },
        {
            "Position": {
                "X": 6.957248687744141,
                "Y": 11.069999694824219,
                "Z": 3.191307783126831
            },
            "Normal": {
                "X": -4.704875210468349e-16,
                "Y": 0.623920202255249,
                "Z": 0.7814880609512329
            },
            "Color": {
                "R": 1.0,
                "G": 1.0,
                "B": 1.0,
                "A": 1.0
            },
            "UV": {
                "X": 23.275146484375,
                "Y": -4.744849681854248
            }
        },
        {
            "Position": {
                "X": -1.6152230501174927,
                "Y": 7.805598735809326,
                "Z": 5.797523021697998
            },
            "Normal": {
                "X": -4.704875210468349e-16,
                "Y": 0.623920202255249,
                "Z": 0.7814880609512329
            },
            "Color": {
                "R": 1.0,
                "G": 1.0,
                "B": 1.0,
                "A": 1.0
            },
            "UV": {
                "X": 21.560653686523439,