{
    "DrawType": 4,
    "VertexNumber": 12,
    "IndexNumber": 12,
    "PolygonNumber": 4,
    "Verteces": [
        {
            "Position": {
                "X": -7.124108791351318,
                "Y": 25.325714111328126,
                "Z": -0.002238294342532754
            },
            "Normal": {
                "X": -1.5101514350135404e-7,
                "Y": -2.4145765564753676e-7,
                "Z": 1.0
            },
            "Color": {
                "R": 1.0,
                "G": 1.0,
                "B": 1.0,
                "A": 1.0
            },
            "UV": {
                "X": 0.6380859017372131,
                "Y": 0.652937114238739
            }
        },
        {
            "Position": {
                "X": -10.455221176147461,
                "Y": 25.325714111328126,
                "Z": -0.0022387972567230465
            },
            "Normal": {
                "X": -1.5101512929049933e-7,
                "Y": -2.414576272258273e-7,
                "Z": 1.0
            },
            "Color": {
                "R": 1.0,
                "G": 1.0,
                "B": 1.0,
                "A": 1.0
            },
            "UV": {
                "X": 0.5080740451812744,
                "Y": 0.652937114238739
            }
        },
        {
            "Position": {
                "X": -10.455221176147461,
                "Y": 22.657241821289064,
                "Z": -0.00223944173194468
            },
            "Normal": {
                "X": -1.5101512929049933e-7,
                "Y": -2.414576272258273e-7,
                "Z": 1.0
            },
            "Color": {
                "R": 1.0,
                "G": 1.0,
                "B": 1.0,
                "A": 1.0
            },
            "UV": {
                "X": 0.5080740451812744,
                "Y": 0.7829488515853882
            }
        },
        {
            "Position": {
                "X": -10.455221176147461,
                "Y": 22.657241821289064,
                "Z": -0.00223944173194468
            },
            "Normal": {
                "X": -1.5101514350135404e-7,
                "Y": -2.4145765564753676e-7,
                "Z": 1.0
            },
            "Color": {
                "R": 1.0,
                "G": 1.0,
                "B": 1.0,
                "A": 1.0
            },
            "UV": {
                "X": 0.5080740451812744,
                "Y": 0.7829488515853882
            }
        },
        {
            "Position": {
                "X": -7.124108791351318,
                "Y": 22.657241821289064,
                "Z": -0.002238938584923744
            },
            "Normal": {
                "X": -1.5101512929049933e-7,
                "Y": -2.414576272258273e-7,
                "Z": 1.0
            },
            "Color": {
                "R": 1.0,
                "G": 1.0,
                "B": 1.0,
                "A": 1.0
            },
            "UV": {
                "X": 0.6380859017372131,
                "Y": 0.7829488515853882
            }
        },
        {
            "Position": {
                "X": -7.124108791351318,
                "Y": 25.325714111328126,
                "Z": -0.002238294342532754
            },
            "Normal": {
                "X": -1.5101512929049933e-7,
                "Y": -2.414576272258273e-7,
                "Z": 1.0
            },
            "Color": {
                "R": 1.0,
                "G": 1.0,
                "B": 1.0,
                "A": 1.0
            },
            "UV": {
                "X": 0.6380859017372131,
                "Y": 0.652937114238739
            }
        },
        {
            "Position": {
                "X": -7.124108791351318,
                "Y": 25.325714111328126,
                "Z": -0.07851599156856537
            },
            "Normal": {
                "X": 1.488007512762124e-7,
                "Y": 2.4228691586358766e-7,
                "Z": -1.0
            },
            "Color": {
                "R": 1.0,
                "G": 1.0,
                "B": 1.0,
                "A": 1.0
            },
            "UV": {
                "X": 0.6380859017372131,
                "Y": 0.652937114238739
            }
        },
        {
            "Position": {
                "X": -7.12410831451416,
                "Y": 22.657241821289064,
                "Z": -0.0785166397690773
            },
            "Normal": {
                "X": 1.488007512762124e-7,
                "Y": 2.4228691586358766e-7,
                "Z": -1.0
            },
            "Color": {
                "R": 1.0,
                "G": 1.0,
                "B": 1.0,
                "A": 1.0
            },
            "UV": {
                "X": 0.6380859017372131,
                "Y": 0.7829488515853882
            }
        },
        {
            "Position": {
                "X": -10.455222129821778,
                "Y": 22.657241821289064,
                "Z": -0.0785171389579773
            },
            "Normal": {
                "X": 1.488007512762124e-7,
                "Y": 2.4228691586358766e-7,
                "Z": -1.0
            },
            "Color": {
                "R": 1.0,
                "G": 1.0,
                "B": 1.0,
                "A": 1.0
            },
            "UV": {
                "X": 0.5080740451812744,
                "Y": 0.7829488515853882
            }
        },
        {
            "Position": {
                "X": -10.455222129821778,
                "Y": 22.657241821289064,
                "Z": -0.0785171389579773
            },
            "Normal": {
                "X": 1.4880082233048598e-7,
                "Y": 2.4228683059845937e-7,
                "Z": -1.0
            },
            "Color": {
                "R": 1.0,
                "G": 1.0,
                "B": 1.0,
                "A": 1.0
            },
            "UV": {
                "X": 0.5080740451812744,
                "Y": 0.7829488515853882
            }
        },
        {
            "Position": {
                "X": -10.455221176147461,
                "Y": 25.325714111328126,
                "Z": -0.07851649820804596
            },
            "Normal": {
                "X": 1.4880082233048598e-7,
                "Y": 2.4228683059845937e-7,
                "Z": -1.0
            },
            "Color": {
                "R": 1.0,
                "G": 1.0,
                "B": 1.0,
                "A": 1.0
            },
            "UV": {
                "X": 0.5080740451812744,
                "Y": 0.652937114238739
            }
        },
        {
            "Position": {
                "X": -7.124108791351318,
                "Y": 25.325714111328126,
                "Z": -0.07851599156856537
            },
            "Normal": {
                "X": 1.4880082233048598e-7,
                "Y": 2.4228683059845937e-7,
                "Z": -1.0
            },
            "Color": {
                "R": 1.0,
                "G": 1.0,
                "B": 1.0,
                "A": 1.0
            },
            "UV": {
                "X": 0.6380859017372131,
                "Y": 0.652937114238739
            }
        }
    ],
    "Indeces": [
        0,
        1,
        2,
        3,
        4,
        5,
        6,
        7,
        8,
        9,
        10,
        11
    ]