{
    "DrawType": 4,
    "VertexNumber": 12,
    "IndexNumber": 12,
    "PolygonNumber": 4,
    "Verteces": [
        {
            "Position": {
                "X": -10.794103622436524,
                "Y": 38.372291564941409,
                "Z": -0.003391354577615857
            },
            "Normal": {
                "X": -1.5101514350135404e-7,
                "Y": -2.4145765564753676e-7,
                "Z": 1.0
            },
            "Color": {
                "R": 1.0,
                "G": 1.0,
                "B": 1.0,
                "A": 1.0
            },
            "UV": {
                "X": 0.6380859017372131,
                "Y": 0.652937114238739
            }
        },
        {
            "Position": {
                "X": -15.841242790222168,
                "Y": 38.372291564941409,
                "Z": -0.00339211686514318
            },
            "Normal": {
                "X": -1.5101512929049933e-7,
                "Y": -2.414576272258273e-7,
                "Z": 1.0
            },
            "Color": {
                "R": 1.0,
                "G": 1.0,
                "B": 1.0,
                "A": 1.0
            },
            "UV": {
                "X": 0.5080740451812744,
                "Y": 0.652937114238739
            }
        },
        {
            "Position": {
                "X": -15.841242790222168,
                "Y": 34.32915496826172,
                "Z": -0.0033930931240320207
            },
            "Normal": {
                "X": -1.5101512929049933e-7,
                "Y": -2.414576272258273e-7,
                "Z": 1.0
            },
            "Color": {
                "R": 1.0,
                "G": 1.0,
                "B": 1.0,
                "A": 1.0
            },
            "UV": {
                "X": 0.5080740451812744,
                "Y": 0.7829488515853882
            }
        },
        {
            "Position": {
                "X": -15.841242790222168,
                "Y": 34.32915496826172,
                "Z": -0.0033930931240320207
            },
            "Normal": {
                "X": -1.5101514350135404e-7,
                "Y": -2.4145765564753676e-7,
                "Z": 1.0
            },
            "Color": {
                "R": 1.0,
                "G": 1.0,
                "B": 1.0,
                "A": 1.0
            },
            "UV": {
                "X": 0.5080740451812744,
                "Y": 0.7829488515853882
            }
        },
        {
            "Position": {
                "X": -10.794103622436524,
                "Y": 34.32915496826172,
                "Z": -0.0033923310693353416
            },
            "Normal": {
                "X": -1.5101512929049933e-7,
                "Y": -2.414576272258273e-7,
                "Z": 1.0
            },
            "Color": {
                "R": 1.0,
                "G": 1.0,
                "B": 1.0,
                "A": 1.0
            },
            "UV": {
                "X": 0.6380859017372131,
                "Y": 0.7829488515853882
            }
        },
        {
            "Position": {
                "X": -10.794103622436524,
                "Y": 38.372291564941409,
                "Z": -0.003391354577615857
            },
            "Normal": {
                "X": -1.5101512929049933e-7,
                "Y": -2.414576272258273e-7,
                "Z": 1.0
            },
            "Color": {
                "R": 1.0,
                "G": 1.0,
                "B": 1.0,
                "A": 1.0
            },
            "UV": {
                "X": 0.6380859017372131,
                "Y": 0.652937114238739
            }
        },
        {
            "Position": {
                "X": -10.794103622436524,
                "Y": 38.372291564941409,
                "Z": -0.11896362155675888
            },
            "Normal": {
                "X": 1.488007512762124e-7,
                "Y": 2.4228691586358766e-7,
                "Z": -1.0
            },
            "Color": {
                "R": 1.0,
                "G": 1.0,
                "B": 1.0,
                "A": 1.0
            },
            "UV": {
                "X": 0.6380859017372131,
                "Y": 0.652937114238739
            }
        },
        {
            "Position": {
                "X": -10.794102668762207,
                "Y": 34.32915496826172,
                "Z": -0.11896460503339768
            },
            "Normal": {
                "X": 1.488007512762124e-7,
                "Y": 2.4228691586358766e-7,
                "Z": -1.0
            },
            "Color": {
                "R": 1.0,
                "G": 1.0,
                "B": 1.0,
                "A": 1.0
            },
            "UV": {
                "X": 0.6380859017372131,
                "Y": 0.7829488515853882
            }
        },
        {
            "Position": {
                "X": -15.8412446975708,
                "Y": 34.32915496826172,
                "Z": -0.11896535009145737
            },
            "Normal": {
                "X": 1.488007512762124e-7,
                "Y": 2.4228691586358766e-7,
                "Z": -1.0
            },
            "Color": {
                "R": 1.0,
                "G": 1.0,
                "B": 1.0,
                "A": 1.0
            },
            "UV": {
                "X": 0.5080740451812744,
                "Y": 0.7829488515853882
            }
        },
        {
            "Position": {
                "X": -15.8412446975708,
                "Y": 34.32915496826172,
                "Z": -0.11896535009145737
            },
            "Normal": {
                "X": 1.4880082233048598e-7,
                "Y": 2.4228683059845937e-7,
                "Z": -1.0
            },
            "Color": {
                "R": 1.0,
                "G": 1.0,
                "B": 1.0,
                "A": 1.0
            },
            "UV": {
                "X": 0.5080740451812744,
                "Y": 0.7829488515853882
            }
        },
        {
            "Position": {
                "X": -15.841242790222168,
                "Y": 38.372291564941409,
                "Z": -0.11896437406539917
            },
            "Normal": {
                "X": 1.4880082233048598e-7,
                "Y": 2.4228683059845937e-7,
                "Z": -1.0
            },
            "Color": {
                "R": 1.0,
                "G": 1.0,
                "B": 1.0,
                "A": 1.0
            },
            "UV": {
                "X": 0.5080740451812744,
                "Y": 0.652937114238739
            }
        },
        {
            "Position": {
                "X": -10.794103622436524,
                "Y": 38.372291564941409,
                "Z": -0.11896362155675888
            },
            "Normal": {
                "X": 1.4880082233048598e-7,
                "Y": 2.4228683059845937e-7,
                "Z": -1.0
            },
            "Color": {
                "R": 1.0,
                "G": 1.0,
                "B": 1.0,
                "A": 1.0
            },
            "UV": {
                "X": 0.6380859017372131,
                "Y": 0.652937114238739
            }
        }
    ],
    "Indeces": [
        0,
        1,
        2,
        3,
        4,
        5,
        6,
        7,
        8,
        9,
        10,
        11
    ]