{
    "DrawType": 4,
    "VertexNumber": 22,
    "IndexNumber": 102,
    "PolygonNumber": 34,
    "Verteces": [
        {
            "Position": {
                "X": -0.1777869015932083,
                "Y": 0.7186900973320007,
                "Z": 1.0590842962265015
            },
            "Normal": {
                "X": -0.20756421983242036,
                "Y": 0.030322933569550515,
                "Z": 0.9777513146400452
            },
            "Color": {
                "R": 1.0,
                "G": 1.0,
                "B": 1.0,
                "A": 1.0
            },
            "UV": {
                "X": 0.09187102317810059,
                "Y": 0.22334975004196168
            }
        },
        {
            "Position": {
                "X": -0.791897714138031,
                "Y": -0.04231635108590126,
                "Z": 0.6013504266738892
            },
            "Normal": {
                "X": -0.8302550911903381,
                "Y": -0.17421922087669373,
                "Z": 0.5294564962387085
            },
            "Color": {
                "R": 1.0,
                "G": 1.0,
                "B": 1.0,
                "A": 1.0
            },
            "UV": {
                "X": 0.11046300828456879,
                "Y": 0.036109864711761478
            }
        },
        {
            "Position": {
                "X": -0.19758957624435426,
                "Y": -0.04231633245944977,
                "Z": 1.0142436027526856
            },
            "Normal": {
                "X": -0.22993560135364533,
                "Y": -0.07992187887430191,
                "Z": 0.9699186086654663
            },
            "Color": {
                "R": 1.0,
                "G": 1.0,
                "B": 1.0,
                "A": 1.0
            },
            "UV": {
                "X": 0.020126700401306154,
                "Y": 0.22926980257034303
            }
        },
        {
            "Position": {
                "X": -0.9229776859283447,
                "Y": 0.7088826894760132,
                "Z": 0.6964550614356995
            },
            "Normal": {
                "X": -0.8403092622756958,
                "Y": 0.022934885695576669,
                "Z": 0.5416219234466553
            },
            "Color": {
                "R": 1.0,
                "G": 1.0,
                "B": 1.0,
                "A": 1.0
            },
            "UV": {
                "X": 0.1625000536441803,
                "Y": 0.11725932359695435
            }
        },
        {
            "Position": {
                "X": -1.0420252084732056,
                "Y": 0.6695467829704285,
                "Z": -0.5508514642715454
            },
            "Normal": {
                "X": -0.965315580368042,
                "Y": 0.0015639751218259335,
                "Z": -0.2610813081264496
            },
            "Color": {
                "R": 1.0,
                "G": 1.0,
                "B": 1.0,
                "A": 1.0
            },
            "UV": {
                "X": 0.32407134771347048,
                "Y": 0.09500950574874878
            }
        },
        {
            "Position": {
                "X": -0.8888205289840698,
                "Y": -0.04231657832860947,
                "Z": -0.5124010443687439
            },
            "Normal": {
                "X": -0.9555876851081848,
                "Y": -0.1594659835100174,
                "Z": -0.24783648550510407
            },
            "Color": {
                "R": 1.0,
                "G": 1.0,
                "B": 1.0,
                "A": 1.0
            },
            "UV": {
                "X": 0.3997833728790283,
                "Y": 0.035500526428222659
            }
        },
        {
            "Position": {
                "X": 0.3736122250556946,
                "Y": 0.4071880877017975,
                "Z": -1.161245346069336
            },
            "Normal": {
                "X": 0.5422355532646179,
                "Y": 0.24626357853412629,
                "Z": -0.8033273816108704
            },
            "Color": {
                "R": 1.0,
                "G": 1.0,
                "B": 1.0,
                "A": 1.0
            },
            "UV": {
                "X": 0.46366992592811587,
                "Y": 0.3334270715713501
            }
        },
        {
            "Position": {
                "X": -0.48366066813468935,
                "Y": -0.042316727340221408,
                "Z": -1.2319306135177613
            },
            "Normal": {
                "X": -0.4493285119533539,
                "Y": 0.053027667105197909,
                "Z": -0.8917914628982544
            },
            "Color": {
                "R": 1.0,
                "G": 1.0,
                "B": 1.0,
                "A": 1.0
            },
            "UV": {
                "X": 0.5276641845703125,
                "Y": 0.1600474715232849
            }
        },
        {
            "Position": {
                "X": -0.5288063287734985,
                "Y": 0.6676279902458191,
                "Z": -1.172791600227356
            },
            "Normal": {
                "X": -0.44782885909080508,
                "Y": 0.05830740928649902,
                "Z": -0.8922160863876343
            },
            "Color": {
                "R": 1.0,
                "G": 1.0,
                "B": 1.0,
                "A": 1.0
            },
            "UV": {
                "X": 0.4177977740764618,
                "Y": 0.1702890396118164
            }
        },
        {
            "Position": {
                "X": 0.310697466135025,
                "Y": -0.04231679067015648,
                "Z": -1.3179734945297242
            },
            "Normal": {
                "X": 0.3579011559486389,
                "Y": 0.09726160764694214,
                "Z": -0.9286802411079407
            },
            "Color": {
                "R": 1.0,
                "G": 1.0,
                "B": 1.0,
                "A": 1.0
            },
            "UV": {
                "X": 0.5372363328933716,
                "Y": 0.40689218044281008
            }
        },
        {
            "Position": {
                "X": 0.782467246055603,
                "Y": 0.7284973859786987,
                "Z": 0.9705426096916199
            },
            "Normal": {
                "X": 0.6213049292564392,
                "Y": 0.33509325981140139,
                "Z": 0.7083027362823486
            },
            "Color": {
                "R": 1.0,
                "G": 1.0,
                "B": 1.0,
                "A": 1.0
            },
            "UV": {
                "X": 0.1376793384552002,
                "Y": 0.3839513659477234
            }
        },
        {
            "Position": {
                "X": 1.2589727640151978,
                "Y": 0.5355638265609741,
                "Z": 0.6194537878036499
            },
            "Normal": {
                "X": 0.8395702838897705,
                "Y": 0.4613352417945862,
                "Z": 0.28686508536338808
            },
            "Color": {
                "R": 1.0,
                "G": 1.0,
                "B": 1.0,
                "A": 1.0
            },
            "UV": {
                "X": 0.18612223863601685,
                "Y": 0.45566344261169436
            }
        },
        {
            "Position": {
                "X": 1.1086355447769166,
                "Y": -0.04231658950448036,
                "Z": 0.6321740746498108
            },
            "Normal": {
                "X": 0.8403403162956238,
                "Y": -0.19465641677379609,
                "Z": 0.505902111530304
            },
            "Color": {
                "R": 1.0,
                "G": 1.0,
                "B": 1.0,
                "A": 1.0
            },
            "UV": {
                "X": 0.17624559998512269,