{
    "DrawType": 4,
    "VertexNumber": 22,
    "IndexNumber": 102,
    "PolygonNumber": 34,
    "Verteces": [
        {
            "Position": {
                "X": 0.37847965955734255,
                "Y": 0.27059701085090639,
                "Z": -0.05276388302445412
            },
            "Normal": {
                "X": 0.9949710369110107,
                "Y": 0.030322669073939325,
                "Z": -0.09546323120594025
            },
            "Color": {
                "R": 1.0,
                "G": 1.0,
                "B": 1.0,
                "A": 1.0
            },
            "UV": {
                "X": 0.09187102317810059,
                "Y": 0.22334975004196168
            }
        },
        {
            "Position": {
                "X": 0.28869563341140749,
                "Y": -0.0002008438023040071,
                "Z": 0.2045738846063614
            },
            "Normal": {
                "X": 0.7542359828948975,
                "Y": -0.17421956360340119,
                "Z": 0.6330684423446655
            },
            "Color": {
                "R": 1.0,
                "G": 1.0,
                "B": 1.0,
                "A": 1.0
            },
            "UV": {
                "X": 0.11046300828456879,
                "Y": 0.036109864711761478
            }
        },
        {
            "Position": {
                "X": 0.3653738796710968,
                "Y": -0.00020089925965294242,
                "Z": -0.04125307872891426
            },
            "Normal": {
                "X": 0.9942138195037842,
                "Y": -0.0799224004149437,
                "Z": -0.07177229225635529
            },
            "Color": {
                "R": 1.0,
                "G": 1.0,
                "B": 1.0,
                "A": 1.0
            },
            "UV": {
                "X": 0.020126700401306154,
                "Y": 0.22926980257034303
            }
        },
        {
            "Position": {
                "X": 0.3349771499633789,
                "Y": 0.26710715889930727,
                "Z": 0.23891006410121919
            },
            "Normal": {
                "X": 0.7688580751419067,
                "Y": 0.022934479638934137,
                "Z": 0.6390080451965332
            },
            "Color": {
                "R": 1.0,
                "G": 1.0,
                "B": 1.0,
                "A": 1.0
            },
            "UV": {
                "X": 0.1625000536441803,
                "Y": 0.11725932359695435
            }
        },
        {
            "Position": {
                "X": -0.0756894126534462,
                "Y": 0.25310996174812319,
                "Z": 0.4125322997570038
            },
            "Normal": {
                "X": 0.04068152979016304,
                "Y": 0.0015642266953364015,
                "Z": 0.9991709589958191
            },
            "Color": {
                "R": 1.0,
                "G": 1.0,
                "B": 1.0,
                "A": 1.0
            },
            "UV": {
                "X": 0.32407134771347048,
                "Y": 0.09500950574874878
            }
        },
        {
            "Position": {
                "X": -0.0790005698800087,
                "Y": -0.0002007775619858876,
                "Z": 0.3564227819442749
            },
            "Normal": {
                "X": 0.050395894795656207,
                "Y": -0.15946565568447114,
                "Z": 0.9859163165092468
            },
            "Color": {
                "R": 1.0,
                "G": 1.0,
                "B": 1.0,
                "A": 1.0
            },
            "UV": {
                "X": 0.3997833728790283,
                "Y": 0.035500526428222659
            }
        },
        {
            "Position": {
                "X": -0.4340706467628479,
                "Y": 0.15975183248519898,
                "Z": -0.002795474836602807
            },
            "Normal": {
                "X": -0.929035484790802,
                "Y": 0.2462637722492218,
                "Z": -0.2761290967464447
            },
            "Color": {
                "R": 1.0,
                "G": 1.0,
                "B": 1.0,
                "A": 1.0
            },
            "UV": {
                "X": 0.46366992592811587,
                "Y": 0.3334270715713501
            }
        },
        {
            "Position": {
                "X": -0.36650630831718447,
                "Y": -0.00020076532382518053,
                "Z": 0.2957433760166168
            },
            "Normal": {
                "X": -0.7158169150352478,
                "Y": 0.053028058260679248,
                "Z": 0.6962716579437256
            },
            "Color": {
                "R": 1.0,
                "G": 1.0,
                "B": 1.0,
                "A": 1.0
            },
            "UV": {
                "X": 0.5276641845703125,
                "Y": 0.1600474715232849
            }
        },
        {
            "Position": {
                "X": -0.34161069989204409,
                "Y": 0.25242722034454348,
                "Z": 0.3047512471675873
            },
            "Normal": {
                "X": -0.7166720032691956,
                "Y": 0.05830826982855797,
                "Z": 0.6949686408042908
            },
            "Color": {
                "R": 1.0,
                "G": 1.0,
                "B": 1.0,
                "A": 1.0
            },
            "UV": {
                "X": 0.4177977740764618,
                "Y": 0.1702890396118164
            }
        },
        {
            "Position": {
                "X": -0.4805504381656647,
                "Y": -0.00020079160458408296,
                "Z": 0.03529856726527214
            },
            "Normal": {
                "X": -0.993283748626709,
                "Y": 0.09726151823997498,
                "Z": -0.06267088651657105
            },
            "Color": {
                "R": 1.0,
                "G": 1.0,
                "B": 1.0,
                "A": 1.0
            },
            "UV": {
                "X": 0.5372363328933716,
                "Y": 0.40689218044281008
            }
        },
        {
            "Position": {
                "X": 0.24586959183216096,
                "Y": 0.2740868330001831,
                "Z": -0.3692525029182434
            },
            "Normal": {
                "X": 0.48917216062545779,
                "Y": 0.3350929915904999,
                "Z": -0.8052473664283752
            },
            "Color": {
                "R": 1.0,
                "G": 1.0,
                "B": 1.0,
                "A": 1.0
            },
            "UV": {
                "X": 0.1376793384552002,
                "Y": 0.3839513659477234
            }
        },
        {
            "Position": {
                "X": 0.07580600678920746,
                "Y": 0.20543310046195985,
                "Z": -0.49349933862686159
            },
            "Normal": {
                "X": 0.021654680371284486,
                "Y": 0.4613349437713623,
                "Z": -0.8869616985321045
            },
            "Color": {
                "R": 1.0,
                "G": 1.0,
                "B": 1.0,
                "A": 1.0
            },
            "UV": {
                "X": 0.18612223863601685,
                "Y": 0.45566344261169436
            }
        },
        {
            "Position": {
                "X": 0.2659395635128021,
                "Y": -0.00020092599152121693,
                "Z": -0.3118947148323059
            },
            "Normal": {
                "X": 0.8197410106658936,
                "Y": -0.0755680575966835,
                "Z": -0.5677272081375122
            },
            "Color": {
                "R": 1.0,
                "G": 1.0,
                "B": 1.0,
                "A": 1.0
            },
            "UV": {
                "X": 0.05460992455482483,