{
    "DrawType": 4,
    "VertexNumber": 22,
    "IndexNumber": 102,
    "PolygonNumber": 34,
    "Verteces": [
        {
            "Position": {
                "X": -0.08889345079660416,
                "Y": 0.35934504866600039,
                "Z": 0.5295421481132507
            },
            "Normal": {
                "X": -0.20756421983242036,
                "Y": 0.030322933569550515,
                "Z": 0.9777513146400452
            },
            "Color": {
                "R": 1.0,
                "G": 1.0,
                "B": 1.0,
                "A": 1.0
            },
            "UV": {
                "X": 0.09187102317810059,
                "Y": 0.22334975004196168
            }
        },
        {
            "Position": {
                "X": -0.3959488570690155,
                "Y": -0.02115817554295063,
                "Z": 0.3006752133369446
            },
            "Normal": {
                "X": -0.8302550911903381,
                "Y": -0.17421922087669373,
                "Z": 0.5294564962387085
            },
            "Color": {
                "R": 1.0,
                "G": 1.0,
                "B": 1.0,
                "A": 1.0
            },
            "UV": {
                "X": 0.11046300828456879,
                "Y": 0.036109864711761478
            }
        },
        {
            "Position": {
                "X": -0.09879478812217713,
                "Y": -0.021158166229724885,
                "Z": 0.5071218013763428
            },
            "Normal": {
                "X": -0.22993560135364533,
                "Y": -0.07992187887430191,
                "Z": 0.9699186086654663
            },
            "Color": {
                "R": 1.0,
                "G": 1.0,
                "B": 1.0,
                "A": 1.0
            },
            "UV": {
                "X": 0.020126700401306154,
                "Y": 0.22926980257034303
            }
        },
        {
            "Position": {
                "X": -0.46148884296417239,
                "Y": 0.3544413447380066,
                "Z": 0.34822753071784975
            },
            "Normal": {
                "X": -0.8403092622756958,
                "Y": 0.022934885695576669,
                "Z": 0.5416219234466553
            },
            "Color": {
                "R": 1.0,
                "G": 1.0,
                "B": 1.0,
                "A": 1.0
            },
            "UV": {
                "X": 0.1625000536441803,
                "Y": 0.11725932359695435
            }
        },
        {
            "Position": {
                "X": -0.5210126042366028,
                "Y": 0.33477339148521426,
                "Z": -0.2754257321357727
            },
            "Normal": {
                "X": -0.965315580368042,
                "Y": 0.0015639751218259335,
                "Z": -0.2610813081264496
            },
            "Color": {
                "R": 1.0,
                "G": 1.0,
                "B": 1.0,
                "A": 1.0
            },
            "UV": {
                "X": 0.32407134771347048,
                "Y": 0.09500950574874878
            }
        },
        {
            "Position": {
                "X": -0.4444102644920349,
                "Y": -0.021158289164304735,
                "Z": -0.25620052218437197
            },
            "Normal": {
                "X": -0.9555876851081848,
                "Y": -0.1594659835100174,
                "Z": -0.24783648550510407
            },
            "Color": {
                "R": 1.0,
                "G": 1.0,
                "B": 1.0,
                "A": 1.0
            },
            "UV": {
                "X": 0.3997833728790283,
                "Y": 0.035500526428222659
            }
        },
        {
            "Position": {
                "X": 0.1868061125278473,
                "Y": 0.20359404385089875,
                "Z": -0.580622673034668
            },
            "Normal": {
                "X": 0.5422355532646179,
                "Y": 0.24626357853412629,
                "Z": -0.8033273816108704
            },
            "Color": {
                "R": 1.0,
                "G": 1.0,
                "B": 1.0,
                "A": 1.0
            },
            "UV": {
                "X": 0.46366992592811587,
                "Y": 0.3334270715713501
            }
        },
        {
            "Position": {
                "X": -0.24183033406734467,
                "Y": -0.021158363670110704,
                "Z": -0.6159653067588806
            },
            "Normal": {
                "X": -0.4493285119533539,
                "Y": 0.053027667105197909,
                "Z": -0.8917914628982544
            },
            "Color": {
                "R": 1.0,
                "G": 1.0,
                "B": 1.0,
                "A": 1.0
            },
            "UV": {
                "X": 0.5276641845703125,
                "Y": 0.1600474715232849
            }
        },
        {
            "Position": {
                "X": -0.26440316438674929,
                "Y": 0.33381399512290957,
                "Z": -0.586395800113678
            },
            "Normal": {
                "X": -0.44782885909080508,
                "Y": 0.05830740928649902,
                "Z": -0.8922160863876343
            },
            "Color": {
                "R": 1.0,
                "G": 1.0,
                "B": 1.0,
                "A": 1.0
            },
            "UV": {
                "X": 0.4177977740764618,
                "Y": 0.1702890396118164
            }
        },
        {
            "Position": {
                "X": 0.1553487330675125,
                "Y": -0.02115839533507824,
                "Z": -0.6589867472648621
            },
            "Normal": {
                "X": 0.3579011559486389,
                "Y": 0.09726160764694214,
                "Z": -0.9286802411079407
            },
            "Color": {
                "R": 1.0,
                "G": 1.0,
                "B": 1.0,
                "A": 1.0
            },
            "UV": {
                "X": 0.5372363328933716,
                "Y": 0.40689218044281008
            }
        },
        {
            "Position": {
                "X": 0.3912336230278015,
                "Y": 0.36424869298934939,
                "Z": 0.48527130484580996
            },
            "Normal": {
                "X": 0.6213049292564392,
                "Y": 0.33509325981140139,
                "Z": 0.7083027362823486
            },
            "Color": {
                "R": 1.0,
                "G": 1.0,
                "B": 1.0,
                "A": 1.0
            },
            "UV": {
                "X": 0.1376793384552002,
                "Y": 0.3839513659477234
            }
        },
        {
            "Position": {
                "X": 0.6294863820075989,
                "Y": 0.26778191328048708,
                "Z": 0.30972689390182497
            },
            "Normal": {
                "X": 0.8395702838897705,
                "Y": 0.4613352417945862,
                "Z": 0.28686508536338808
            },
            "Color": {
                "R": 1.0,
                "G": 1.0,
                "B": 1.0,
                "A": 1.0
            },
            "UV": {
                "X": 0.18612223863601685,
                "Y": 0.45566344261169436
            }
        },
        {
            "Position": {
                "X": 0.5543177723884583,
                "Y": -0.02115829475224018,
                "Z": 0.3160870373249054
            },
            "Normal": {
                "X": 0.8403403162956238,
                "Y": -0.19465641677379609,
                "Z": 0.505902111530304
            },
            "Color": {
                "R": 1.0,
                "G": 1.0,
                "B": 1.0,
                "A": 1.0
            },
            "UV": {
                "X": 0.17624559998512269,