{
    "DrawType": 4,
    "VertexNumber": 22,
    "IndexNumber": 102,
    "PolygonNumber": 34,
    "Verteces": [
        {
            "Position": {
                "X": 0.7569593191146851,
                "Y": 0.5411940217018127,
                "Z": -0.10552776604890824
            },
            "Normal": {
                "X": 0.9949710369110107,
                "Y": 0.030322669073939325,
                "Z": -0.09546323120594025
            },
            "Color": {
                "R": 1.0,
                "G": 1.0,
                "B": 1.0,
                "A": 1.0
            },
            "UV": {
                "X": 0.09187102317810059,
                "Y": 0.22334975004196168
            }
        },
        {
            "Position": {
                "X": 0.5773912668228149,
                "Y": -0.0004016876046080142,
                "Z": 0.4091477692127228
            },
            "Normal": {
                "X": 0.7542359828948975,
                "Y": -0.17421956360340119,
                "Z": 0.6330684423446655
            },
            "Color": {
                "R": 1.0,
                "G": 1.0,
                "B": 1.0,
                "A": 1.0
            },
            "UV": {
                "X": 0.11046300828456879,
                "Y": 0.036109864711761478
            }
        },
        {
            "Position": {
                "X": 0.7307477593421936,
                "Y": -0.00040179851930588484,
                "Z": -0.08250615745782852
            },
            "Normal": {
                "X": 0.9942138195037842,
                "Y": -0.0799224004149437,
                "Z": -0.07177229225635529
            },
            "Color": {
                "R": 1.0,
                "G": 1.0,
                "B": 1.0,
                "A": 1.0
            },
            "UV": {
                "X": 0.020126700401306154,
                "Y": 0.22926980257034303
            }
        },
        {
            "Position": {
                "X": 0.6699542999267578,
                "Y": 0.5342143177986145,
                "Z": 0.47782012820243838
            },
            "Normal": {
                "X": 0.7688580751419067,
                "Y": 0.022934479638934137,
                "Z": 0.6390080451965332
            },
            "Color": {
                "R": 1.0,
                "G": 1.0,
                "B": 1.0,
                "A": 1.0
            },
            "UV": {
                "X": 0.1625000536441803,
                "Y": 0.11725932359695435
            }
        },
        {
            "Position": {
                "X": -0.1513788253068924,
                "Y": 0.5062199234962463,
                "Z": 0.8250645995140076
            },
            "Normal": {
                "X": 0.04068152979016304,
                "Y": 0.0015642266953364015,
                "Z": 0.9991709589958191
            },
            "Color": {
                "R": 1.0,
                "G": 1.0,
                "B": 1.0,
                "A": 1.0
            },
            "UV": {
                "X": 0.32407134771347048,
                "Y": 0.09500950574874878
            }
        },
        {
            "Position": {
                "X": -0.1580011397600174,
                "Y": -0.0004015551239717752,
                "Z": 0.7128455638885498
            },
            "Normal": {
                "X": 0.050395894795656207,
                "Y": -0.15946565568447114,
                "Z": 0.9859163165092468
            },
            "Color": {
                "R": 1.0,
                "G": 1.0,
                "B": 1.0,
                "A": 1.0
            },
            "UV": {
                "X": 0.3997833728790283,
                "Y": 0.035500526428222659
            }
        },
        {
            "Position": {
                "X": -0.8681412935256958,
                "Y": 0.31950366497039797,
                "Z": -0.005590949673205614
            },
            "Normal": {
                "X": -0.929035484790802,
                "Y": 0.2462637722492218,
                "Z": -0.2761290967464447
            },
            "Color": {
                "R": 1.0,
                "G": 1.0,
                "B": 1.0,
                "A": 1.0
            },
            "UV": {
                "X": 0.46366992592811587,
                "Y": 0.3334270715713501
            }
        },
        {
            "Position": {
                "X": -0.7330126166343689,
                "Y": -0.00040153064765036106,
                "Z": 0.5914867520332336
            },
            "Normal": {
                "X": -0.7158169150352478,
                "Y": 0.053028058260679248,
                "Z": 0.6962716579437256
            },
            "Color": {
                "R": 1.0,
                "G": 1.0,
                "B": 1.0,
                "A": 1.0
            },
            "UV": {
                "X": 0.5276641845703125,
                "Y": 0.1600474715232849
            }
        },
        {
            "Position": {
                "X": -0.6832213997840881,
                "Y": 0.5048544406890869,
                "Z": 0.6095024943351746
            },
            "Normal": {
                "X": -0.7166720032691956,
                "Y": 0.05830826982855797,
                "Z": 0.6949686408042908
            },
            "Color": {
                "R": 1.0,
                "G": 1.0,
                "B": 1.0,
                "A": 1.0
            },
            "UV": {
                "X": 0.4177977740764618,
                "Y": 0.1702890396118164
            }
        },
        {
            "Position": {
                "X": -0.9611008763313294,
                "Y": -0.0004015832091681659,
                "Z": 0.07059713453054428
            },
            "Normal": {
                "X": -0.993283748626709,
                "Y": 0.09726151823997498,
                "Z": -0.06267088651657105
            },
            "Color": {
                "R": 1.0,
                "G": 1.0,
                "B": 1.0,
                "A": 1.0
            },
            "UV": {
                "X": 0.5372363328933716,
                "Y": 0.40689218044281008
            }
        },
        {
            "Position": {
                "X": 0.4917391836643219,
                "Y": 0.5481736660003662,
                "Z": -0.7385050058364868
            },
            "Normal": {
                "X": 0.48917216062545779,
                "Y": 0.3350929915904999,
                "Z": -0.8052473664283752
            },
            "Color": {
                "R": 1.0,
                "G": 1.0,
                "B": 1.0,
                "A": 1.0
            },
            "UV": {
                "X": 0.1376793384552002,
                "Y": 0.3839513659477234
            }
        },
        {
            "Position": {
                "X": 0.15161201357841493,
                "Y": 0.4108662009239197,
                "Z": -0.9869986772537231
            },
            "Normal": {
                "X": 0.021654682233929635,
                "Y": 0.4613349735736847,
                "Z": -0.8869617581367493
            },
            "Color": {
                "R": 1.0,
                "G": 1.0,
                "B": 1.0,
                "A": 1.0
            },
            "UV": {
                "X": 0.18612223863601685,
                "Y": 0.45566344261169436
            }
        },
        {
            "Position": {
                "X": 0.5318791270256043,
                "Y": -0.00040185198304243386,
                "Z": -0.6237894296646118
            },
            "Normal": {
                "X": 0.8197410106658936,
                "Y": -0.0755680575966835,
                "Z": -0.5677272081375122
            },
            "Color": {
                "R": 1.0,
                "G": 1.0,
                "B": 1.0,
                "A": 1.0
            },
            "UV": {
                "X": 0.05460992455482483,