{
    "DiffuseTextureName": "Baker_house_snow.png",
    "SpecularTextureName": "",
    "NormalTextureName": "",
    "Ambient": {
        "R": 0.5879999995231628,
        "G": 0.5879999995231628,
        "B": 0.5879999995231628,
        "A": 1.0
    },
    "Diffuse": {
        "R": 0.5879999995231628,
        "G": 0.5879999995231628,
        "B": 0.5879999995231628,
        "A": 1.0
    },
    "Specular": {
        "R": 0.0,
        "G": 0.0,
        "B": 0.0,
        "A": 1.0
    },
    "Emissive": {
        "R": 0.0,
        "G": 0.0,
        "B": 0.0,
        "A": 1.0
    },
    "Power": 1.0