{
    "DiffuseTextureName": "house.jpg",
    "SpecularTextureName": "",
    "NormalTextureName": "",
    "Ambient": {
        "R": 0.5882353186607361,
        "G": 0.5882353186607361,
        "B": 0.5882353186607361,
        "A": 1.0
    },
    "Diffuse": {
        "R": 0.5882353186607361,
        "G": 0.5882353186607361,
        "B": 0.5882353186607361,
        "A": 1.0
    },
    "Specular": {
        "R": 0.0,
        "G": 0.0,
        "B": 0.0,
        "A": 1.0
    },
    "Emissive": {
        "R": 9.999999974752428e-7,
        "G": 9.999899930335233e-7,
        "B": 9.999899930335233e-7,
        "A": 1.0
    },
    "Power": 1.0