{
    "DiffuseTextureName": "Fence_d.png",
    "SpecularTextureName": "",
    "NormalTextureName": "",
    "Ambient": {
        "R": 0.0,
        "G": 0.0,
        "B": 0.0,
        "A": 1.0
    },
    "Diffuse": {
        "R": 0.800000011920929,
        "G": 0.800000011920929,
        "B": 0.800000011920929,
        "A": 1.0
    },
    "Specular": {
        "R": 0.0,
        "G": 0.0,
        "B": 0.0,
        "A": 1.0
    },
    "Emissive": {
        "R": 0.800000011920929,
        "G": 0.800000011920929,
        "B": 0.800000011920929,
        "A": 1.0
    },
    "Power": 1.0