{
    "DiffuseTextureName": "Medieval_house_1_House_D.tga",
    "SpecularTextureName": "",
    "NormalTextureName": "",
    "Ambient": {
        "R": 0.3529411554336548,
        "G": 0.35293760895729067,
        "B": 0.35293760895729067,
        "A": 1.0
    },
    "Diffuse": {
        "R": 1.0,
        "G": 1.0,
        "B": 1.0,
        "A": 1.0
    },
    "Specular": {
        "R": 0.0,
        "G": 0.0,
        "B": 0.0,
        "A": 1.0
    },
    "Emissive": {
        "R": 0.1764705777168274,
        "G": 0.17646880447864533,
        "B": 0.17646880447864533,
        "A": 1.0
    },
    "Power": 1.0