{
    "DiffuseTextureName": "Medieval house_roof.png",
    "SpecularTextureName": "",
    "NormalTextureName": "",
    "Ambient": {
        "R": 0.2549019455909729,
        "G": 0.25489938259124758,
        "B": 0.25489938259124758,
        "A": 1.0
    },
    "Diffuse": {
        "R": 1.0,
        "G": 0.9999899864196777,
        "B": 0.9999899864196777,
        "A": 1.0
    },
    "Specular": {
        "R": 0.0,
        "G": 0.0,
        "B": 0.0,
        "A": 1.0
    },
    "Emissive": {
        "R": 0.5196078419685364,
        "G": 0.5196026563644409,
        "B": 0.5196026563644409,
        "A": 1.0
    },
    "Power": 1.0