{
    "DiffuseTextureName": "plant.png",
    "SpecularTextureName": "",
    "NormalTextureName": "",
    "Ambient": {
        "R": 0.25,
        "G": 0.24999749660491944,
        "B": 0.24999749660491944,
        "A": 1.0
    },
    "Diffuse": {
        "R": 1.0,
        "G": 0.9999899864196777,
        "B": 0.9999899864196777,
        "A": 1.0
    },
    "Specular": {
        "R": 0.0,
        "G": 0.0,
        "B": 0.0,
        "A": 1.0
    },
    "Emissive": {
        "R": 0.7990195751190186,
        "G": 0.7990115880966187,
        "B": 0.7990115880966187,
        "A": 1.0
    },
    "Power": 1.0