{
    "DiffuseTextureName": "wood_planks.png",
    "SpecularTextureName": "",
    "NormalTextureName": "",
    "Ambient": {
        "R": 0.2549019455909729,
        "G": 0.25489938259124758,
        "B": 0.25489938259124758,
        "A": 1.0
    },
    "Diffuse": {
        "R": 1.0,
        "G": 0.9999899864196777,
        "B": 0.9999899864196777,
        "A": 1.0
    },
    "Specular": {
        "R": 0.0,
        "G": 0.0,
        "B": 0.0,
        "A": 1.0
    },
    "Emissive": {
        "R": 0.5098038911819458,
        "G": 0.5097987651824951,
        "B": 0.5097987651824951,
        "A": 1.0
    },
    "Power": 1.0