{
    "Name": "RootNode",
    "Translation": {
        "X": 0.0,
        "Y": 0.0,
        "Z": 0.0
    },
    "Rotation": {
        "X": 0.0,
        "Y": 0.0,
        "Z": 0.0,
        "W": 1.0
    },
    "Scale": {
        "X": 1.0,
        "Y": 1.0,
        "Z": 1.0
    },
    "ColliderNumber": 0,
    "MeshNumber": 0,
    "ChildNumber": 1,
    "Name": "Bridge",
    "Translation": {
        "X": 0.0,
        "Y": 0.0,
        "Z": 0.0
    },
    "Rotation": {
        "X": 2.1855694143368966e-8,
        "Y": 1.1102231569740546e-16,
        "Z": 0.0,
        "W": 1.0
    },
    "Scale": {
        "X": 1.0,
        "Y": 1.0,
        "Z": 1.0
    },
    "ColliderNumber": 4,
    "Collider": {
        "Type": 2,
        "Position": {
            "X": 0.0,
            "Y": 1.2000000476837159,
            "Z": -3.9000000953674318
        },
        "Rotation": {
            "X": 3.015000104904175,
            "Y": 0.0,
            "Z": 0.0
        },
        "Scale": {
            "X": 6.800000190734863,
            "Y": 1.0,
            "Z": 8.0
        },
        "IsTrigger": false
    },
    "Collider": {
        "Type": 2,
        "Position": {
            "X": 0.0,
            "Y": 1.2000000476837159,
            "Z": 3.9000000953674318
        },
        "Rotation": {
            "X": 0.1300000101327896,
            "Y": 0.0,
            "Z": 0.0
        },
        "Scale": {
            "X": 6.800000190734863,
            "Y": 1.0,
            "Z": 8.0
        },
        "IsTrigger": false
    },
    "Collider": {
        "Type": 2,
        "Position": {
            "X": -3.799999952316284,
            "Y": 1.600000023841858,
            "Z": 0.0
        },
        "Rotation": {
            "X": 0.0,
            "Y": 0.0,
            "Z": 0.0
        },
        "Scale": {
            "X": 1.0,
            "Y": 3.5,
            "Z": 16.0
        },
        "IsTrigger": false
    },
    "Collider": {
        "Type": 2,
        "Position": {
            "X": 3.799999952316284,
            "Y": 1.600000023841858,
            "Z": 0.0
        },
        "Rotation": {
            "X": 0.0,
            "Y": 0.0,
            "Z": 0.0
        },
        "Scale": {
            "X": 1.0,
            "Y": 3.5,
            "Z": 16.0
        },
        "IsTrigger": false
    },
    "MeshNumber": 1,
    "MeshName": "Bridge_0",
    "MaterialName": "bridge",
    "RenderPriority": 0,
    "ShaderType": 0,
    "CastShadow": true,
    "BoundingSpherePosition": {
        "X": 0.0,
        "Y": 1.5209484100341797,
        "Z": 4.76837158203125e-7
    },
    "BoundingSphereRadius": 7.800002574920654,
    "MeshType": 0,
    "ChildNumber": 0