{
    "Name": "RootNode",
    "Translation": {
        "X": 0.0,
        "Y": 0.0,
        "Z": 0.0
    },
    "Rotation": {
        "X": 0.0,
        "Y": 0.0,
        "Z": 0.0,
        "W": 1.0
    },
    "Scale": {
        "X": 1.0,
        "Y": 1.0,
        "Z": 1.0
    },
    "ColliderNumber": 0,
    "MeshNumber": 0,
    "ChildNumber": 2,
    "Name": "Decor",
    "Translation": {
        "X": 0.0,
        "Y": 0.0,
        "Z": 0.0
    },
    "Rotation": {
        "X": 0.0,
        "Y": 0.0,
        "Z": 0.0,
        "W": 1.0
    },
    "Scale": {
        "X": 1.0,
        "Y": 1.0,
        "Z": 1.0
    },
    "ColliderNumber": 7,
    "Collider": {
        "Type": 2,
        "Position": {
            "X": -1.4700000286102296,
            "Y": 0.07999999821186066,
            "Z": 3.6500000953674318
        },
        "Rotation": {
            "X": 0.0,
            "Y": 0.0,
            "Z": 0.0
        },
        "Scale": {
            "X": 3.9000000953674318,
            "Y": 0.1599999964237213,
            "Z": 1.600000023841858
        }
    },
    "Collider": {
        "Type": 2,
        "Position": {
            "X": -0.4000000059604645,
            "Y": 0.4000000059604645,
            "Z": 3.930000066757202
        },
        "Rotation": {
            "X": 0.0,
            "Y": 0.0,
            "Z": 0.0
        },
        "Scale": {
            "X": 0.20000000298023225,
            "Y": 0.47999998927116396,
            "Z": 0.699999988079071
        }
    },
    "Collider": {
        "Type": 2,
        "Position": {
            "X": -3.299999952316284,
            "Y": 0.4000000059604645,
            "Z": 3.549999952316284
        },
        "Rotation": {
            "X": 0.0,
            "Y": 0.0,
            "Z": 0.0
        },
        "Scale": {
            "X": 0.20000000298023225,
            "Y": 0.47999998927116396,
            "Z": 1.5
        }
    },
    "Collider": {
        "Type": 1,
        "Position": {
            "X": -3.0,
            "Y": 0.44999998807907107,
            "Z": 3.3499999046325685
        },
        "Rotation": {
            "X": 0.0,
            "Y": 0.0,
            "Z": 0.0
        },
        "Scale": {
            "X": 0.5,
            "Y": 0.699999988079071,
            "Z": 0.5
        }
    },
    "Collider": {
        "Type": 2,
        "Position": {
            "X": -1.7999999523162842,
            "Y": 0.3799999952316284,
            "Z": 4.199999809265137
        },
        "Rotation": {
            "X": 0.0,
            "Y": 0.0,
            "Z": 0.0
        },
        "Scale": {
            "X": 2.799999952316284,
            "Y": 0.5,
            "Z": 0.20000000298023225
        }
    },
    "Collider": {
        "Type": 2,
        "Position": {
            "X": 5.0,
            "Y": 0.18000000715255738,
            "Z": -3.0999999046325685
        },
        "Rotation": {
            "X": 0.0,
            "Y": 0.0,
            "Z": 0.0
        },
        "Scale": {
            "X": 2.0,
            "Y": 0.36000001430511477,
            "Z": 0.6000000238418579
        }
    },
    "Collider": {
        "Type": 2,
        "Position": {
            "X": 7.050000190734863,
            "Y": 0.3100000023841858,
            "Z": -3.4200000762939455
        },
        "Rotation": {
            "X": 0.0,
            "Y": 0.0,
            "Z": 0.0
        },
        "Scale": {
            "X": 1.0,
            "Y": 0.6200000047683716,
            "Z": 0.6000000238418579
        }
    },
    "MeshNumber": 1,
    "MeshName": "Decor_0",
    "MaterialName": "Decor_mtr",
    "RenderPriority": 1,
    "ShaderType": 2,
    "MeshType": 0,
    "ChildNumber": 0,
    "Name": "Fancy_tavern",
    "Translation": {
        "X": 0.0,
        "Y": 0.0,
        "Z": 0.0
    },
    "Rotation": {
        "X": 0.0,
        "Y": 0.0,
        "Z": 0.0,
        "W": 1.0
    },
    "Scale": {
        "X": 1.0,
        "Y": 1.0,
        "Z": 1.0
    },
    "ColliderNumber": 1,
    "Collider": {
        "Type": 2,
        "Position": {
            "X": 0.0,
            "Y": 3.5,
            "Z": 0.0
        },
        "Rotation": {
            "X": 0.0,
            "Y": 0.0,
            "Z": 0.0
        },
        "Scale": {
            "X": 6.800000190734863,
            "Y": 7.0,
            "Z": 5.699999809265137
        }
    },
    "MeshNumber": 1,
    "MeshName": "Fancy_tavern_0",
    "MaterialName": "Fansy_tavern_mtr",
    "RenderPriority": 0,
    "ShaderType": 0,
    "MeshType": 0,
    "ChildNumber": 0