{
    "Name": "RootNode",
    "Translation": {
        "X": 0.0,
        "Y": 0.0,
        "Z": 0.0
    },
    "Rotation": {
        "X": 0.0,
        "Y": 0.0,
        "Z": 0.0,
        "W": 1.0
    },
    "Scale": {
        "X": 1.0,
        "Y": 1.0,
        "Z": 1.0
    },
    "ColliderNumber": 9,
    "Collider": {
        "Type": 2,
        "Position": {
            "X": -2.200000047683716,
            "Y": 0.05000000074505806,
            "Z": 5.949999809265137
        },
        "Rotation": {
            "X": 0.0,
            "Y": 0.0,
            "Z": 0.0
        },
        "Scale": {
            "X": 7.0,
            "Y": 0.5,
            "Z": 3.0
        },
        "IsTrigger": false
    },
    "Collider": {
        "Type": 2,
        "Position": {
            "X": -3.0,
            "Y": 0.6000000238418579,
            "Z": 7.110000133514404
        },
        "Rotation": {
            "X": 0.0,
            "Y": 0.0,
            "Z": 0.0
        },
        "Scale": {
            "X": 5.199999809265137,
            "Y": 1.0,
            "Z": 0.5
        },
        "IsTrigger": false
    },
    "Collider": {
        "Type": 0,
        "Position": {
            "X": 0.0,
            "Y": 0.0,
            "Z": 0.0
        },
        "Rotation": {
            "X": 0.0,
            "Y": 0.0,
            "Z": 0.0
        },
        "Scale": {
            "X": 1.0,
            "Y": 1.0,
            "Z": 1.0
        },
        "IsTrigger": false
    },
    "Collider": {
        "Type": 2,
        "Position": {
            "X": -0.699999988079071,
            "Y": 0.6000000238418579,
            "Z": 6.400000095367432
        },
        "Rotation": {
            "X": 0.0,
            "Y": 0.0,
            "Z": 0.0
        },
        "Scale": {
            "X": 0.5,
            "Y": 1.0,
            "Z": 1.0
        },
        "IsTrigger": false
    },
    "Collider": {
        "Type": 2,
        "Position": {
            "X": -5.5,
            "Y": 0.6000000238418579,
            "Z": 5.800000190734863
        },
        "Rotation": {
            "X": 0.0,
            "Y": 0.0,
            "Z": 0.0
        },
        "Scale": {
            "X": 0.30000001192092898,
            "Y": 1.0,
            "Z": 2.5
        },
        "IsTrigger": false
    },
    "Collider": {
        "Type": 0,
        "Position": {
            "X": -5.0,
            "Y": 1.0,
            "Z": 5.599999904632568
        },
        "Rotation": {
            "X": 0.0,
            "Y": 0.0,
            "Z": 0.0
        },
        "Scale": {
            "X": 0.5,
            "Y": 0.5,
            "Z": 0.5
        },
        "IsTrigger": false
    },
    "Collider": {
        "Type": 2,
        "Position": {
            "X": 8.399999618530274,
            "Y": 0.10000000149011612,
            "Z": -5.150000095367432
        },
        "Rotation": {
            "X": 0.0,
            "Y": 0.0,
            "Z": 0.0
        },
        "Scale": {
            "X": 3.0,
            "Y": 1.0,
            "Z": 1.0
        },
        "IsTrigger": false
    },
    "Collider": {
        "Type": 0,
        "Position": {
            "X": 11.800000190734864,
            "Y": 0.5,
            "Z": -5.699999809265137
        },
        "Rotation": {
            "X": 0.0,
            "Y": 0.0,
            "Z": 0.0
        },
        "Scale": {
            "X": 0.800000011920929,
            "Y": 0.800000011920929,
            "Z": 0.800000011920929
        },
        "IsTrigger": false
    },
    "Collider": {
        "Type": 2,
        "Position": {
            "X": 0.0,
            "Y": 5.0,
            "Z": 0.0
        },
        "Rotation": {
            "X": 0.0,
            "Y": 0.0,
            "Z": 0.0
        },
        "Scale": {
            "X": 12.0,
            "Y": 12.0,
            "Z": 9.0
        },
        "IsTrigger": false
    },
    "MeshNumber": 0,
    "ChildNumber": 2,
    "Name": "Decor",
    "Translation": {
        "X": 0.0,
        "Y": 0.009999999776482582,
        "Z": 0.0
    },
    "Rotation": {
        "X": 0.0,
        "Y": 0.0,
        "Z": 0.0,
        "W": 1.0
    },
    "Scale": {
        "X": 1.0,
        "Y": 1.0,
        "Z": 1.0
    },
    "ColliderNumber": 0,
    "MeshNumber": 1,
    "MeshName": "Decor_0",
    "MaterialName": "Decor_mtr",
    "RenderPriority": 1,
    "ShaderType": 0,
    "CastShadow": true,
    "BoundingSpherePosition": {
        "X": 3.989825487136841,
        "Y": 5.479264736175537,
        "Z": 0.5935695171356201
    },
    "BoundingSphereRadius": 9.674652099609375,
    "MeshType": 0,
    "ChildNumber": 0,
    "Name": "Fancy_tavern",
    "Translation": {
        "X": 0.0,
        "Y": 0.0,
        "Z": 0.0
    },
    "Rotation": {
        "X": 0.0,
        "Y": 0.0,
        "Z": 0.0,
        "W": 1.0
    },
    "Scale": {
        "X": 1.0,
        "Y": 1.0,
        "Z": 1.0
    },
    "ColliderNumber": 0,
    "MeshNumber": 1,
    "MeshName": "Fancy_tavern_0",
    "MaterialName": "Fansy_tavern_mtr",
    "RenderPriority": 0,
    "ShaderType": 0,
    "CastShadow": true,
    "BoundingSpherePosition": {
        "X": 0.0,
        "Y": 5.87939977645874,
        "Z": 0.0
    },
    "BoundingSphereRadius": 6.320892333984375,
    "MeshType": 0,
    "ChildNumber": 0