{
    "Name": "RootNode",
    "Translation": {
        "X": 0.0,
        "Y": 0.0,
        "Z": 0.0
    },
    "Rotation": {
        "X": 0.0,
        "Y": 0.0,
        "Z": 0.0,
        "W": 1.0
    },
    "Scale": {
        "X": 1.0,
        "Y": 1.0,
        "Z": 1.0
    },
    "ColliderNumber": 13,
    "Collider": {
        "Type": 2,
        "Position": {
            "X": -0.4000000059604645,
            "Y": 4.0,
            "Z": 0.0
        },
        "Rotation": {
            "X": 0.0,
            "Y": 0.0,
            "Z": 0.0
        },
        "Scale": {
            "X": 7.199999809265137,
            "Y": 10.0,
            "Z": 8.0
        }
    },
    "Collider": {
        "Type": 2,
        "Position": {
            "X": 4.699999809265137,
            "Y": 7.0,
            "Z": 0.0
        },
        "Rotation": {
            "X": 0.0,
            "Y": 0.0,
            "Z": 0.0
        },
        "Scale": {
            "X": 3.0,
            "Y": 5.0,
            "Z": 8.0
        }
    },
    "Collider": {
        "Type": 2,
        "Position": {
            "X": 4.300000190734863,
            "Y": 0.05000000074505806,
            "Z": -1.7999999523162842
        },
        "Rotation": {
            "X": 2.690000057220459,
            "Y": 0.0,
            "Z": 0.0
        },
        "Scale": {
            "X": 2.5,
            "Y": 2.0,
            "Z": 7.0
        }
    },
    "Collider": {
        "Type": 2,
        "Position": {
            "X": 4.300000190734863,
            "Y": 0.9800000190734863,
            "Z": 2.4600000381469728
        },
        "Rotation": {
            "X": 0.0,
            "Y": 0.0,
            "Z": 0.0
        },
        "Scale": {
            "X": 2.5,
            "Y": 3.0,
            "Z": 3.0999999046325685
        }
    },
    "Collider": {
        "Type": 2,
        "Position": {
            "X": 5.800000190734863,
            "Y": 2.0,
            "Z": -2.880000114440918
        },
        "Rotation": {
            "X": 0.0,
            "Y": 0.0,
            "Z": 0.0
        },
        "Scale": {
            "X": 0.4000000059604645,
            "Y": 6.0,
            "Z": 0.5
        }
    },
    "Collider": {
        "Type": 2,
        "Position": {
            "X": 5.199999809265137,
            "Y": 0.8999999761581421,
            "Z": -1.7999999523162842
        },
        "Rotation": {
            "X": 2.7150001525878908,
            "Y": 0.0,
            "Z": 0.0
        },
        "Scale": {
            "X": 0.4000000059604645,
            "Y": 2.0,
            "Z": 7.0
        }
    },
    "Collider": {
        "Type": 2,
        "Position": {
            "X": 5.199999809265137,
            "Y": 2.75,
            "Z": 2.5
        },
        "Rotation": {
            "X": 0.0,
            "Y": 0.0,
            "Z": 0.0
        },
        "Scale": {
            "X": 0.4000000059604645,
            "Y": 1.0,
            "Z": 3.299999952316284
        }
    },
    "Collider": {
        "Type": 2,
        "Position": {
            "X": 4.0,
            "Y": 2.75,
            "Z": 4.0
        },
        "Rotation": {
            "X": 0.0,
            "Y": 0.0,
            "Z": 0.0
        },
        "Scale": {
            "X": 2.0,
            "Y": 1.0,
            "Z": 0.30000001192092898
        }
    },
    "Collider": {
        "Type": 1,
        "Position": {
            "X": 5.199999809265137,
            "Y": 3.5999999046325685,
            "Z": 0.8999999761581421
        },
        "Rotation": {
            "X": 0.0,
            "Y": 0.0,
            "Z": 0.0
        },
        "Scale": {
            "X": 0.4000000059604645,
            "Y": 2.0,
            "Z": 0.4000000059604645
        }
    },
    "Collider": {
        "Type": 1,
        "Position": {
            "X": 5.199999809265137,
            "Y": 3.5999999046325685,
            "Z": 3.5999999046325685
        },
        "Rotation": {
            "X": 0.0,
            "Y": 0.0,
            "Z": 0.0
        },
        "Scale": {
            "X": 0.4000000059604645,
            "Y": 2.0,
            "Z": 0.4000000059604645
        }
    },
    "Collider": {
        "Type": 2,
        "Position": {
            "X": 0.0,
            "Y": 3.5,
            "Z": -6.0
        },
        "Rotation": {
            "X": 2.8950002193450929,
            "Y": 0.0,
            "Z": 0.0
        },
        "Scale": {
            "X": 6.5,
            "Y": 0.800000011920929,
            "Z": 5.0
        }
    },
    "Collider": {
        "Type": 1,
        "Position": {
            "X": -2.75,
            "Y": 1.2000000476837159,
            "Z": -7.599999904632568
        },
        "Rotation": {
            "X": 0.0,
            "Y": 0.0,
            "Z": 0.0
        },
        "Scale": {
            "X": 0.4000000059604645,
            "Y": 3.0,
            "Z": 0.4000000059604645
        }
    },
    "Collider": {
        "Type": 1,
        "Position": {
            "X": 2.75,
            "Y": 1.2000000476837159,
            "Z": -7.800000190734863
        },
        "Rotation": {
            "X": 0.0,
            "Y": 0.0,
            "Z": 0.0
        },
        "Scale": {
            "X": 0.4000000059604645,
            "Y": 3.0,
            "Z": 0.4000000059604645
        }
    },
    "MeshNumber": 0,
    "ChildNumber": 1,
    "Name": "Med_house",
    "Translation": {
        "X": 0.0,
        "Y": 0.0,
        "Z": 0.0
    },
    "Rotation": {
        "X": -3.774895063202166e-8,
        "Y": 0.0,
        "Z": 0.0,
        "W": 1.0
    },
    "Scale": {
        "X": 1.0,
        "Y": 1.0,
        "Z": 1.0
    },
    "ColliderNumber": 0,
    "MeshNumber": 1,
    "MeshName": "Med_house_0",
    "MaterialName": "med_house",
    "RenderPriority": 1,
    "ShaderType": 0,
    "MeshType": 0,
    "ChildNumber": 0