{
    "Name": "RootNode",
    "Translation": {
        "X": 0.0,
        "Y": 0.0,
        "Z": 0.0
    },
    "Rotation": {
        "X": 0.0,
        "Y": 0.0,
        "Z": 0.0,
        "W": 1.0
    },
    "Scale": {
        "X": 1.0,
        "Y": 1.0,
        "Z": 1.0
    },
    "ColliderNumber": 2,
    "Collider": {
        "Type": 2,
        "Position": {
            "X": 0.0,
            "Y": 5.0,
            "Z": -0.30000001192092898
        },
        "Rotation": {
            "X": 0.0,
            "Y": 0.0,
            "Z": 0.0
        },
        "Scale": {
            "X": 12.0,
            "Y": 12.0,
            "Z": 7.0
        },
        "IsTrigger": false
    },
    "Collider": {
        "Type": 2,
        "Position": {
            "X": -3.0,
            "Y": 3.0,
            "Z": 4.400000095367432
        },
        "Rotation": {
            "X": 0.0,
            "Y": 0.0,
            "Z": 0.0
        },
        "Scale": {
            "X": 4.0,
            "Y": 8.0,
            "Z": 2.0
        },
        "IsTrigger": false
    },
    "MeshNumber": 0,
    "ChildNumber": 6,
    "Name": "plants",
    "Translation": {
        "X": -4.90509557723999,
        "Y": 2.6447789669036867,
        "Z": 5.478792667388916
    },
    "Rotation": {
        "X": -0.0917331874370575,
        "Y": -0.4546653926372528,
        "Z": -0.047408364713191989,
        "W": 0.8846563100814819
    },
    "Scale": {
        "X": 142.85379028320313,
        "Y": 142.85379028320313,
        "Z": 142.853759765625
    },
    "ColliderNumber": 0,
    "MeshNumber": 1,
    "MeshName": "plants_0",
    "MaterialName": "None__plant_tga",
    "RenderPriority": 1,
    "ShaderType": 1,
    "CastShadow": true,
    "BoundingSpherePosition": {
        "X": -0.011304419487714768,
        "Y": 0.025711379945278169,
        "Z": -0.04483835771679878
    },
    "BoundingSphereRadius": 0.05567476525902748,
    "MeshType": 0,
    "ChildNumber": 0,
    "Name": "roof",
    "Translation": {
        "X": 0.024167010560631753,
        "Y": 8.300195693969727,
        "Z": 0.7095204591751099
    },
    "Rotation": {
        "X": 0.5000002384185791,
        "Y": -0.4999997615814209,
        "Z": -0.4999997615814209,
        "W": -0.5000002384185791
    },
    "Scale": {
        "X": 447.6332092285156,
        "Y": 447.6332092285156,
        "Z": 447.6332092285156
    },
    "ColliderNumber": 0,
    "MeshNumber": 1,
    "MeshName": "roof_0",
    "MaterialName": "None__roof_psd",
    "RenderPriority": 0,
    "ShaderType": 0,
    "CastShadow": true,
    "BoundingSpherePosition": {
        "X": -0.000015949830412864686,
        "Y": 0.000021595042198896409,
        "Z": 0.0
    },
    "BoundingSphereRadius": 0.01553760003298521,
    "MeshType": 0,
    "ChildNumber": 0,
    "Name": "glass",
    "Translation": {
        "X": -0.04071721434593201,
        "Y": 7.913156509399414,
        "Z": -0.2818206548690796
    },
    "Rotation": {
        "X": 7.277362783497665e-7,
        "Y": 0.7071067690849304,
        "Z": 0.7071067094802856,
        "W": 7.277362215063476e-7
    },
    "Scale": {
        "X": 447.6332092285156,
        "Y": 447.6332092285156,
        "Z": 447.6332092285156
    },
    "ColliderNumber": 0,
    "MeshNumber": 1,
    "MeshName": "glass_0",
    "MaterialName": "None__window_psd",
    "RenderPriority": 0,
    "ShaderType": 0,
    "CastShadow": true,
    "BoundingSpherePosition": {
        "X": 0.0,
        "Y": 0.0,
        "Z": 0.0
    },
    "BoundingSphereRadius": 0.01341595035046339,
    "MeshType": 0,
    "ChildNumber": 0,
    "Name": "brick",
    "Translation": {
        "X": -0.04049389436841011,
        "Y": 1.763857126235962,
        "Z": -0.2586958110332489
    },
    "Rotation": {
        "X": 8.146035668232799e-8,
        "Y": 0.0,
        "Z": 0.0,
        "W": 1.0
    },
    "Scale": {
        "X": 447.6332092285156,
        "Y": 447.6332092285156,
        "Z": 447.6332092285156
    },
    "ColliderNumber": 0,
    "MeshNumber": 1,
    "MeshName": "brick_0",
    "MaterialName": "None__brick_medieval_psd",
    "RenderPriority": 0,
    "ShaderType": 0,
    "CastShadow": true,
    "BoundingSpherePosition": {
        "X": 0.0,
        "Y": 0.0,
        "Z": 0.0
    },
    "BoundingSphereRadius": 0.013567949645221234,
    "MeshType": 0,
    "ChildNumber": 0,
    "Name": "wood",
    "Translation": {
        "X": -0.021877216175198556,
        "Y": 8.203438758850098,
        "Z": 1.1959679126739503
    },
    "Rotation": {
        "X": 8.146035668232799e-8,
        "Y": 0.0,
        "Z": 0.0,
        "W": 1.0
    },
    "Scale": {
        "X": 447.6332092285156,
        "Y": 447.6332092285156,
        "Z": 447.6332092285156
    },
    "ColliderNumber": 0,
    "MeshNumber": 1,
    "MeshName": "wood_0",
    "MaterialName": "None__wood_planks_old_0087_01_preview_jpg",
    "RenderPriority": 0,
    "ShaderType": 0,
    "CastShadow": true,
    "BoundingSpherePosition": {
        "X": 0.0,
        "Y": 0.0,
        "Z": -0.0002434602938592434
    },
    "BoundingSphereRadius": 0.01834644004702568,
    "MeshType": 0,
    "ChildNumber": 0,
    "Name": "wall",
    "Translation": {
        "X": -0.04029272124171257,
        "Y": 5.943612098693848,
        "Z": 0.7731884121894836
    },
    "Rotation": {
        "X": 8.146035668232799e-8,
        "Y": 0.0,
        "Z": 0.0,
        "W": 1.0
    },
    "Scale": {
        "X": 447.6332092285156,
        "Y": 447.6332092285156,
        "Z": 447.6332092285156
    },
    "ColliderNumber": 0,
    "MeshNumber": 1,
    "MeshName": "wall_0",
    "MaterialName": "None__wall_psd_001",
    "RenderPriority": 0,
    "ShaderType": 0,
    "CastShadow": true,
    "BoundingSpherePosition": {
        "X": 0.0,
        "Y": 0.0,
        "Z": 0.0
    },
    "BoundingSphereRadius": 0.013372499495744706,
    "MeshType": 0,
    "ChildNumber": 0