{
    "Name": "RootNode",
    "Translation": {
        "X": 0.0,
        "Y": 0.0,
        "Z": 0.0
    },
    "Rotation": {
        "X": 0.0,
        "Y": 0.0,
        "Z": 0.0,
        "W": 1.0
    },
    "Scale": {
        "X": 0.019999999552965165,
        "Y": 0.019999999552965165,
        "Z": 0.019999999552965165
    },
    "ColliderNumber": 0,
    "MeshNumber": 0,
    "ChildNumber": 2,
    "Name": "MutantMesh",
    "Translation": {
        "X": 0.0,
        "Y": 0.0,
        "Z": 0.0
    },
    "Rotation": {
        "X": 0.0,
        "Y": 0.0,
        "Z": 0.0,
        "W": 1.0
    },
    "Scale": {
        "X": 1.0,
        "Y": 1.0,
        "Z": 1.0
    },
    "ColliderNumber": 0,
    "MeshNumber": 1,
    "MeshName": "MutantMesh_0",
    "MaterialName": "mutant_M",
    "RenderPriority": 0,
    "ShaderType": 3,
    "CastShadow": true,
    "BoundingSpherePosition": {
        "X": 11.974754333496094,
        "Y": 92.47306060791016,
        "Z": 1.0507392883300782
    },
    "BoundingSphereRadius": 137.1265869140625,
    "MeshType": 1,
    "ChildNumber": 0,
    "Name": "Mutant:Hips",
    "Translation": {
        "X": -4.387468338012695,
        "Y": 68.32164001464844,
        "Z": 64.35667419433594
    },
    "Rotation": {
        "X": 0.1504330039024353,
        "Y": -0.6759994626045227,
        "Z": 0.049135722219944,
        "W": 0.7197085022926331
    },
    "Scale": {
        "X": 1.0,
        "Y": 1.0,
        "Z": 0.9999999403953552
    },
    "ColliderNumber": 0,
    "MeshNumber": 0,
    "ChildNumber": 3,
    "Name": "Mutant:Spine",
    "Translation": {
        "X": 7.105427357601002e-15,
        "Y": 10.763899803161621,
        "Z": 1.243499994277954
    },
    "Rotation": {
        "X": 0.12365612387657166,
        "Y": -0.0353843979537487,
        "Z": -0.03585143759846687,
        "W": 0.9910458326339722
    },
    "Scale": {
        "X": 1.0,
        "Y": 0.9999999403953552,
        "Z": 1.0
    },
    "ColliderNumber": 0,
    "MeshNumber": 0,
    "ChildNumber": 1,
    "Name": "Mutant:Spine1",
    "Translation": {
        "X": -0.01889999955892563,
        "Y": 13.061300277709961,
        "Z": 0.22750000655651093
    },
    "Rotation": {
        "X": 0.1280609369277954,
        "Y": -0.020207706838846208,
        "Z": -0.01121100876480341,
        "W": 0.9914970993995667
    },
    "Scale": {
        "X": 1.0,
        "Y": 0.9999999403953552,
        "Z": 1.0
    },
    "ColliderNumber": 0,
    "MeshNumber": 0,
    "ChildNumber": 1,
    "Name": "Mutant:Spine2",
    "Translation": {
        "X": -0.02160000056028366,
        "Y": 12.988200187683106,
        "Z": -0.916700005531311
    },
    "Rotation": {
        "X": 0.17191334068775178,
        "Y": -0.046260762959718707,
        "Z": 0.00634045572951436,
        "W": 0.9840048551559448
    },
    "Scale": {
        "X": 1.0,
        "Y": 1.0,
        "Z": 1.0
    },
    "ColliderNumber": 0,
    "MeshNumber": 0,
    "ChildNumber": 3,
    "Name": "Mutant:Neck",
    "Translation": {
        "X": -0.011900000274181366,
        "Y": 24.670700073242189,
        "Z": 2.02810001373291
    },
    "Rotation": {
        "X": 0.0012434691889211536,
        "Y": 0.011116347275674343,
        "Z": 0.007711453828960657,
        "W": 0.9999077320098877
    },
    "Scale": {
        "X": 0.9999999403953552,
        "Y": 1.0,
        "Z": 1.0
    },
    "ColliderNumber": 0,
    "MeshNumber": 0,
    "ChildNumber": 1,
    "Name": "Mutant:Head",
    "Translation": {
        "X": 0.0,
        "Y": 8.817299842834473,
        "Z": 6.10260009765625
    },
    "Rotation": {
        "X": 0.0012432747753337026,
        "Y": 0.011116703040897847,
        "Z": 0.007711217738687992,
        "W": 0.9999077320098877
    },
    "Scale": {
        "X": 1.0,
        "Y": 1.0,
        "Z": 0.9999999403953552
    },
    "ColliderNumber": 0,
    "MeshNumber": 0,
    "ChildNumber": 1,
    "Name": "Mutant:HeadTop_End",
    "Translation": {
        "X": 0.05248413234949112,
        "Y": 20.49393653869629,
        "Z": -0.2825039029121399
    },
    "Rotation": {
        "X": 0.0,
        "Y": 0.0,
        "Z": 0.0,
        "W": 1.0
    },
    "Scale": {
        "X": 1.0,
        "Y": 1.0,
        "Z": 1.0
    },
    "ColliderNumber": 0,
    "MeshNumber": 0,
    "ChildNumber": 0,
    "Name": "Mutant:LeftShoulder",
    "Translation": {
        "X": 9.553600311279297,
        "Y": 16.065399169921876,
        "Z": -5.227799892425537
    },
    "Rotation": {
        "X": -0.1168091744184494,
        "Y": -0.1899048238992691,
        "Z": -0.10936252772808075,
        "W": 0.9686751961708069
    },
    "Scale": {
        "X": 0.9999999403953552,
        "Y": 1.0,
        "Z": 1.0
    },
    "ColliderNumber": 0,
    "MeshNumber": 0,
    "ChildNumber": 1,
    "Name": "Mutant:LeftArm",
    "Translation": {
        "X": 17.89299964904785,
        "Y": 2.0660998821258547,
        "Z": -0.9229000210762024
    },
    "Rotation": {
        "X": -0.20897427201271058,
        "Y": 0.1059567779302597,
        "Z": 0.14401543140411378,
        "W": 0.9614377617835999
    },
    "Scale": {
        "X": 1.0,
        "Y": 1.0,
        "Z": 1.0
    },
    "ColliderNumber": 0,
    "MeshNumber": 0,
    "ChildNumber": 1,
    "Name": "Mutant:LeftForeArm",
    "Translation": {
        "X": 26.374799728393556,
        "Y": -0.00009999999747378752,
        "Z": -1.4591000080108643
    },
    "Rotation": {
        "X": -0.14066961407661439,
        "Y": -0.22449453175067902,
        "Z": -0.08985403925180435,
        "W": 0.9600731134414673
    },
    "Scale": {
        "X": 1.0,
        "Y": 1.0,
        "Z": 1.0
    },
    "ColliderNumber": 0,
    "MeshNumber": 0,
    "ChildNumber": 1,
    "Name": "Mutant:LeftHand",
    "Translation": {
        "X": 26.753400802612306,
        "Y": 0.00039999998989515007,
        "Z": -7.105427357601002e-15
    },
    "Rotation": {
        "X": 1.3877787807814458e-17,
        "Y": 2.7755575615628916e-17,
        "Z": 2.7755575615628916e-17,
        "W": 1.0
    },
    "Scale": {
        "X": 1.0,
        "Y": 1.0,
        "Z": 1.0
    },
    "ColliderNumber": 2,
    "Collider": {
        "Type": 0,
        "Position": {
            "X": 30.0,
            "Y": 0.0,
            "Z": 0.0
        },
        "Rotation": {
            "X": 0.0,
            "Y": 0.0,
            "Z": 0.0
        },
        "Scale": {
            "X": 20.0,
            "Y": 20.0,
            "Z": 20.0
        },
        "IsTrigger": true
    },
    "Collider": {
        "Type": 0,
        "Position": {
            "X": 55.0,
            "Y": -7.0,
            "Z": 20.0
        },
        "Rotation": {
            "X": 0.0,
            "Y": 0.0,
            "Z": 0.0
        },
        "Scale": {
            "X": 15.0,
            "Y": 15.0,
            "Z": 15.0
        },
        "IsTrigger": true
    },
    "MeshNumber": 0,
    "ChildNumber": 0,
    "Name": "Mutant:RightShoulder",
    "Translation": {
        "X": -9.553600311279297,
        "Y": 16.065399169921876,
        "Z": -5.227799892425537
    },
    "Rotation": {
        "X": -0.1225094199180603,
        "Y": 0.13772620260715486,
        "Z": 0.08598793298006058,
        "W": 0.979095995426178
    },
    "Scale": {
        "X": 1.0,
        "Y": 0.9999999403953552,
        "Z": 1.0
    },
    "ColliderNumber": 0,
    "MeshNumber": 0,
    "ChildNumber": 1,
    "Name": "Mutant:RightArm",
    "Translation": {
        "X": -17.811899185180665,
        "Y": 2.0660998821258547,
        "Z": -0.9229000210762024
    },
    "Rotation": {
        "X": 0.17540477216243745,
        "Y": -0.19151200354099275,
        "Z": -0.20362922549247743,
        "W": 0.9439762830734253
    },
    "Scale": {
        "X": 1.0,
        "Y": 1.0,
        "Z": 1.0
    },
    "ColliderNumber": 0,
    "MeshNumber": 0,
    "ChildNumber": 1,
    "Name": "Mutant:RightForeArm",
    "Translation": {
        "X": -26.374799728393556,
        "Y": -0.00009999999747378752,
        "Z": -1.4591000080108643
    },